user_id,session_id,timestamp,difficulty_adjustment,hint_frequency,challenge_rating,player_performance,adaptation_reason,reinforcement_type
1,1,8:33:30.000 PM,-1,2,10,31,rendimiento excepcional,positivo
2,2,12:15:38.000 AM,+1,6,6,66,rendimiento alto,positivo
3,3,12:56:17.000 PM,-1,5,3,53,rendimiento estable, negativo
4,4,8:53:30.000 AM,-1,5,8,0,errores repetidos, negativo
5,5,5:49:41.000 AM,+1,0,5,44,tiempo de reaccion alto,positivo
6,6,8:35:53.000 PM,+1,5,10,4,rendimiento estable, negativo
7,7,1:43:10.000 PM,-1,6,4,15,errores repetidos,positivo
8,8,10:12:31.000 AM,-1,5,8,39,rendimiento alto,positivo
9,9,1:32:53.000 AM,-1,7,3,16,rendimiento alto, negativo
10,10,4:33:14.000 PM,-1,3,10,10,tiempo de reaccion alto, negativo
11,11,7:31:45.000 AM,-1,-2,5,61,rendimiento excepcional, negativo
12,12,10:00:11.000 PM,-1,7,7,83,tiempo de reaccion alto,positivo
13,13,6:26:37.000 AM,+1,4,8,17,rendimiento alto, negativo
14,14,1:19:31.000 PM,-1,5,3,56,rendimiento alto,positivo
15,15,9:14:57.000 AM,-1,7,1,13,errores repetidos,positivo
16,16,10:27:40.000 PM,-1,8,10,85,rendimiento estable, negativo
17,17,2:34:45.000 PM,-1,4,4,96,errores repetidos, negativo
18,18,8:37:16.000 AM,+1,12,1,46,errores repetidos,positivo
19,19,12:45:49.000 PM,-1,3,2,31,rendimiento estable, negativo
20,20,6:58:33.000 PM,+1,5,4,49,rendimiento excepcional,positivo
21,21,7:10:35.000 PM,-1,-2,4,33,rendimiento alto,positivo
22,22,5:09:18.000 PM,-1,5,9,55,errores repetidos, negativo
23,23,4:51:55.000 AM,-1,6,7,88,rendimiento alto, negativo
24,24,4:07:21.000 AM,+1,8,10,15,errores repetidos,positivo
25,25,4:08:55.000 AM,-1,5,7,5,tiempo de reaccion alto, negativo
26,26,1:10:49.000 AM,+1,5,10,59,rendimiento alto,positivo
27,27,11:43:23.000 PM,+1,10,7,69,rendimiento estable, negativo
28,28,5:14:35.000 AM,+1,11,6,95,errores repetidos, negativo
29,29,2:06:59.000 PM,+1,6,3,55,rendimiento estable, negativo
30,30,8:51:44.000 AM,+1,1,7,43,rendimiento estable,positivo
31,31,4:54:27.000 AM,+1,6,3,82,errores repetidos, negativo
32,32,9:04:34.000 PM,+1,6,6,59,rendimiento estable, negativo
33,33,12:30:32.000 PM,-1,5,8,97,errores repetidos,positivo
34,34,2:07:37.000 AM,-1,3,6,82,rendimiento alto,positivo
35,35,11:49:23.000 AM,-1,6,1,54,tiempo de reaccion alto,positivo
36,36,1:47:54.000 PM,-1,3,6,71,rendimiento excepcional,positivo
37,37,10:33:43.000 AM,+1,5,9,42,rendimiento excepcional, negativo
38,38,6:35:32.000 PM,-1,5,5,68,rendimiento alto, negativo
39,39,12:06:13.000 PM,+1,4,10,46,tiempo de reaccion alto, negativo
40,40,3:00:02.000 PM,-1,2,6,80,tiempo de reaccion alto, negativo
41,41,11:30:13.000 PM,-1,1,7,41,tiempo de reaccion alto, negativo
42,42,8:23:16.000 AM,-1,7,4,75,errores repetidos, negativo
43,43,7:31:37.000 PM,-1,1,2,66,rendimiento alto, negativo
44,44,11:11:41.000 AM,+1,3,8,63,rendimiento estable,positivo
45,45,2:44:25.000 AM,+1,8,8,12,rendimiento estable, negativo
46,46,11:42:09.000 AM,+1,6,2,0,errores repetidos,positivo
47,47,12:01:10.000 AM,-1,4,9,72,rendimiento estable, negativo
48,48,5:56:14.000 AM,-1,7,5,95,rendimiento excepcional,positivo
49,49,6:21:40.000 PM,-1,0,9,7,tiempo de reaccion alto,positivo
50,50,5:36:49.000 AM,+1,1,9,11,rendimiento alto,positivo
51,51,3:49:53.000 PM,+1,0,7,63,rendimiento estable,positivo
52,52,1:47:39.000 AM,-1,0,10,49,rendimiento alto,positivo
53,53,7:00:52.000 AM,+1,-1,9,61,errores repetidos, negativo
54,54,9:50:13.000 AM,+1,4,2,13,errores repetidos, negativo
55,55,8:37:27.000 PM,-1,3,4,38,rendimiento excepcional, negativo
56,56,11:14:16.000 AM,-1,-2,10,32,rendimiento alto, negativo
57,57,11:10:40.000 AM,+1,4,2,46,rendimiento alto,positivo
58,58,12:41:58.000 AM,+1,1,1,42,errores repetidos, negativo
59,59,6:43:36.000 PM,-1,1,9,86,rendimiento excepcional,positivo
60,60,6:19:10.000 AM,-1,6,7,63,rendimiento alto, negativo
61,61,8:43:21.000 AM,+1,2,2,3,errores repetidos, negativo
62,62,3:37:59.000 PM,-1,8,1,47,rendimiento estable, negativo
63,63,5:51:25.000 PM,+1,6,2,16,rendimiento estable, negativo
64,64,10:56:45.000 PM,+1,10,8,2,rendimiento alto, negativo
65,65,8:48:10.000 PM,+1,4,8,38,rendimiento estable,positivo
66,66,4:17:00.000 PM,+1,3,3,65,errores repetidos,positivo
67,67,4:17:07.000 AM,+1,10,7,22,rendimiento estable, negativo
68,68,4:55:57.000 AM,-1,0,2,33,rendimiento excepcional,positivo
69,69,9:51:34.000 AM,-1,1,10,20,rendimiento alto,positivo
70,70,4:13:08.000 AM,-1,9,1,71,rendimiento excepcional, negativo
71,71,10:59:03.000 PM,-1,-2,1,58,rendimiento estable,positivo
72,72,2:16:59.000 AM,-1,8,2,30,errores repetidos,positivo
73,73,12:50:22.000 PM,+1,4,1,48,errores repetidos, negativo
74,74,1:53:57.000 PM,+1,1,7,2,errores repetidos, negativo
75,75,12:19:42.000 PM,+1,7,5,20,rendimiento estable, negativo
76,76,2:58:09.000 AM,-1,7,1,88,tiempo de reaccion alto,positivo
77,77,9:34:24.000 PM,+1,13,10,19,errores repetidos, negativo
78,78,3:30:09.000 PM,-1,3,7,67,rendimiento estable, negativo
79,79,1:27:55.000 PM,-1,8,10,36,rendimiento alto, negativo
80,80,12:21:07.000 AM,+1,3,4,31,tiempo de reaccion alto, negativo
81,81,1:37:58.000 PM,-1,-1,7,81,rendimiento excepcional,positivo
82,82,6:53:10.000 PM,+1,10,6,28,errores repetidos,positivo
83,83,11:38:59.000 AM,+1,7,10,72,rendimiento alto, negativo
84,84,12:00:00.000 PM,-1,7,7,84,rendimiento estable,positivo
85,85,5:37:34.000 PM,+1,6,2,86,rendimiento alto, negativo
86,86,12:21:29.000 AM,+1,5,8,0,rendimiento alto, negativo
87,87,8:26:52.000 PM,+1,3,8,73,errores repetidos, negativo
88,88,7:59:28.000 PM,-1,5,10,31,rendimiento excepcional,positivo
89,89,5:05:01.000 AM,-1,6,10,37,tiempo de reaccion alto,positivo
90,90,3:16:10.000 PM,-1,8,2,60,tiempo de reaccion alto, negativo
91,91,3:25:43.000 PM,-1,5,1,92,tiempo de reaccion alto, negativo
92,92,10:46:20.000 PM,-1,8,10,60,rendimiento estable,positivo
93,93,7:55:56.000 PM,-1,7,5,78,errores repetidos, negativo
94,94,5:47:29.000 AM,+1,-1,4,69,errores repetidos, negativo
95,95,3:25:29.000 PM,-1,5,2,77,tiempo de reaccion alto, negativo
96,96,11:29:07.000 AM,+1,8,5,69,rendimiento alto,positivo
97,97,7:26:21.000 AM,-1,2,8,27,rendimiento alto,positivo
98,98,11:28:11.000 AM,+1,3,3,13,tiempo de reaccion alto, negativo
99,99,12:12:03.000 PM,-1,4,9,58,rendimiento excepcional, negativo
100,100,12:55:25.000 PM,-1,1,5,13,tiempo de reaccion alto, negativo
101,101,12:40:54.000 AM,-1,7,1,54,rendimiento estable,positivo
102,102,8:40:31.000 PM,-1,8,7,24,rendimiento excepcional, negativo
103,103,11:16:20.000 AM,-1,3,7,51,errores repetidos,positivo
104,104,10:47:00.000 PM,+1,6,9,3,rendimiento estable, negativo
105,105,1:25:00.000 AM,-1,-4,7,74,errores repetidos, negativo
106,106,7:49:54.000 AM,+1,3,10,0,rendimiento alto, negativo
107,107,11:50:50.000 PM,+1,4,9,25,rendimiento excepcional, negativo
108,108,12:44:18.000 PM,-1,6,4,90,rendimiento alto,positivo
109,109,3:56:01.000 PM,-1,0,8,24,rendimiento excepcional, negativo
110,110,1:43:47.000 PM,-1,0,3,30,rendimiento alto,positivo
111,111,1:59:26.000 PM,+1,1,2,76,rendimiento excepcional,positivo
112,112,2:36:07.000 AM,-1,1,1,38,tiempo de reaccion alto, negativo
113,113,1:06:20.000 PM,-1,6,6,90,tiempo de reaccion alto, negativo
114,114,7:22:52.000 PM,-1,-7,7,75,rendimiento alto,positivo
115,115,10:27:42.000 PM,-1,4,3,81,rendimiento estable, negativo
116,116,7:09:49.000 PM,+1,-1,4,92,rendimiento alto,positivo
117,117,3:40:45.000 PM,+1,7,8,54,tiempo de reaccion alto,positivo
118,118,11:49:11.000 PM,-1,4,8,58,errores repetidos,positivo
119,119,10:35:47.000 PM,+1,4,10,80,rendimiento estable,positivo
120,120,3:37:38.000 AM,-1,2,5,18,errores repetidos, negativo
121,121,10:06:01.000 PM,+1,5,10,51,errores repetidos, negativo
122,122,2:27:27.000 PM,-1,6,9,31,rendimiento excepcional, negativo
123,123,10:49:05.000 AM,-1,1,2,68,tiempo de reaccion alto, negativo
124,124,9:01:06.000 PM,+1,8,6,40,rendimiento estable,positivo
125,125,8:39:32.000 AM,-1,3,10,66,rendimiento alto,positivo
126,126,4:07:11.000 PM,+1,3,7,63,tiempo de reaccion alto,positivo
127,127,12:05:29.000 AM,-1,1,7,0,rendimiento alto, negativo
128,128,12:06:59.000 AM,-1,2,8,67,rendimiento estable, negativo
129,129,4:28:14.000 PM,-1,11,5,29,rendimiento excepcional, negativo
130,130,7:49:04.000 PM,-1,-1,10,40,rendimiento excepcional, negativo
131,131,8:39:16.000 AM,-1,0,4,66,rendimiento estable, negativo
132,132,6:37:07.000 AM,-1,1,5,8,errores repetidos, negativo
133,133,6:17:41.000 AM,-1,0,5,77,errores repetidos, negativo
134,134,12:55:53.000 PM,+1,12,5,84,rendimiento alto, negativo
135,135,3:07:59.000 PM,+1,3,4,95,rendimiento excepcional,positivo
136,136,1:41:49.000 PM,-1,5,4,65,rendimiento alto, negativo
137,137,10:12:09.000 PM,+1,5,7,85,tiempo de reaccion alto, negativo
138,138,2:14:40.000 AM,-1,4,7,51,errores repetidos, negativo
139,139,7:47:19.000 PM,-1,7,9,34,errores repetidos, negativo
140,140,2:08:09.000 PM,-1,4,4,98,rendimiento estable,positivo
141,141,4:08:01.000 PM,-1,5,8,33,rendimiento estable,positivo
142,142,8:26:18.000 PM,-1,6,2,22,rendimiento estable,positivo
143,143,8:01:14.000 PM,-1,8,7,79,errores repetidos, negativo
144,144,9:14:54.000 AM,+1,6,5,93,rendimiento estable, negativo
145,145,2:50:41.000 PM,-1,10,10,52,tiempo de reaccion alto,positivo
146,146,6:19:09.000 AM,+1,0,1,8,errores repetidos,positivo
147,147,9:21:35.000 AM,-1,3,2,45,rendimiento estable, negativo
148,148,12:44:41.000 AM,-1,2,7,53,rendimiento excepcional, negativo
149,149,4:59:30.000 AM,+1,3,2,66,rendimiento estable, negativo
150,150,2:37:13.000 AM,-1,6,10,83,errores repetidos,positivo
151,151,8:18:03.000 PM,+1,5,8,2,tiempo de reaccion alto, negativo
152,152,12:48:20.000 PM,-1,7,10,64,errores repetidos, negativo
153,153,10:42:29.000 AM,-1,3,9,21,rendimiento alto,positivo
154,154,3:53:31.000 AM,-1,8,6,6,errores repetidos, negativo
155,155,3:56:47.000 PM,+1,3,3,45,rendimiento alto, negativo
156,156,11:55:08.000 AM,-1,2,9,62,errores repetidos,positivo
157,157,3:15:07.000 AM,+1,4,9,73,rendimiento alto,positivo
158,158,1:42:18.000 PM,+1,6,6,12,rendimiento alto, negativo
159,159,2:43:48.000 AM,-1,2,5,73,rendimiento alto, negativo
160,160,11:35:41.000 PM,-1,3,9,31,rendimiento estable, negativo
161,161,8:45:31.000 PM,-1,10,8,42,rendimiento alto, negativo
162,162,7:58:32.000 AM,-1,6,2,75,rendimiento excepcional, negativo
163,163,1:41:17.000 PM,-1,8,1,63,rendimiento excepcional,positivo
164,164,7:56:28.000 AM,+1,8,1,59,rendimiento alto, negativo
165,165,10:31:59.000 AM,-1,6,3,81,rendimiento alto, negativo
166,166,9:37:03.000 AM,-1,4,9,55,rendimiento estable, negativo
167,167,2:16:13.000 AM,-1,4,4,40,errores repetidos, negativo
168,168,9:11:43.000 AM,+1,8,1,40,rendimiento alto,positivo
169,169,8:09:09.000 AM,+1,0,9,54,rendimiento alto,positivo
170,170,7:23:59.000 PM,+1,1,6,60,tiempo de reaccion alto, negativo
171,171,6:44:54.000 PM,-1,2,7,68,rendimiento estable, negativo
172,172,6:59:32.000 AM,+1,9,5,42,errores repetidos, negativo
173,173,8:05:32.000 AM,+1,4,7,44,rendimiento alto, negativo
174,174,11:49:56.000 AM,-1,4,1,32,rendimiento alto, negativo
175,175,9:42:48.000 AM,+1,10,1,30,rendimiento estable, negativo
176,176,7:56:42.000 PM,-1,6,9,89,rendimiento alto,positivo
177,177,9:58:11.000 PM,-1,6,5,51,tiempo de reaccion alto, negativo
178,178,12:28:38.000 AM,-1,4,10,18,rendimiento estable, negativo
179,179,1:12:43.000 AM,+1,4,5,84,rendimiento alto,positivo
180,180,5:09:07.000 PM,-1,4,6,10,rendimiento excepcional,positivo
181,181,10:45:54.000 PM,+1,10,7,39,rendimiento estable,positivo
182,182,2:15:28.000 AM,+1,1,7,13,rendimiento excepcional,positivo
183,183,9:48:58.000 AM,+1,3,2,19,rendimiento estable, negativo
184,184,1:17:44.000 PM,+1,5,9,74,tiempo de reaccion alto,positivo
185,185,5:26:31.000 AM,+1,5,5,98,rendimiento alto,positivo
186,186,4:24:35.000 AM,-1,1,7,9,errores repetidos,positivo
187,187,11:48:28.000 PM,+1,5,4,24,tiempo de reaccion alto,positivo
188,188,11:18:12.000 AM,+1,3,6,59,rendimiento alto, negativo
189,189,7:13:16.000 PM,-1,4,9,37,rendimiento excepcional,positivo
190,190,8:16:48.000 AM,+1,8,8,35,errores repetidos,positivo
191,191,5:05:29.000 AM,+1,2,7,77,rendimiento alto,positivo
192,192,4:51:20.000 PM,-1,12,10,10,tiempo de reaccion alto,positivo
193,193,2:47:37.000 PM,-1,4,1,73,rendimiento estable,positivo
194,194,9:32:09.000 PM,+1,8,9,24,rendimiento excepcional, negativo
195,195,8:37:51.000 AM,+1,3,1,37,tiempo de reaccion alto, negativo
196,196,5:48:52.000 PM,-1,6,1,61,rendimiento excepcional, negativo
197,197,2:46:24.000 AM,+1,2,8,36,rendimiento estable,positivo
198,198,5:20:47.000 AM,+1,4,3,8,tiempo de reaccion alto, negativo
199,199,4:55:27.000 AM,+1,6,2,29,rendimiento estable,positivo
200,200,8:37:35.000 PM,-1,-1,10,70,rendimiento excepcional, negativo
201,201,12:04:02.000 AM,+1,8,9,9,tiempo de reaccion alto,positivo
202,202,5:58:11.000 PM,-1,6,3,51,rendimiento estable,positivo
203,203,9:17:15.000 PM,+1,8,6,87,rendimiento excepcional, negativo
204,204,1:12:28.000 AM,+1,2,7,99,rendimiento alto, negativo
205,205,4:08:38.000 PM,+1,2,6,100,rendimiento excepcional,positivo
206,206,4:31:42.000 PM,-1,10,9,100,rendimiento estable, negativo
207,207,6:34:12.000 PM,+1,5,3,87,tiempo de reaccion alto, negativo
208,208,6:14:10.000 PM,-1,4,7,36,rendimiento alto,positivo
209,209,10:20:58.000 AM,+1,0,10,13,tiempo de reaccion alto, negativo
210,210,8:51:48.000 PM,+1,-1,2,93,tiempo de reaccion alto,positivo
211,211,10:21:58.000 PM,+1,5,4,30,rendimiento alto, negativo
212,212,1:41:52.000 PM,+1,7,2,77,errores repetidos,positivo
213,213,7:10:09.000 PM,-1,4,9,96,rendimiento excepcional, negativo
214,214,8:42:52.000 AM,+1,2,7,55,rendimiento excepcional, negativo
215,215,3:49:39.000 AM,+1,3,10,79,rendimiento alto,positivo
216,216,11:46:22.000 PM,+1,3,7,4,tiempo de reaccion alto,positivo
217,217,1:25:22.000 PM,+1,5,7,0,errores repetidos,positivo
218,218,9:56:42.000 AM,+1,7,5,2,tiempo de reaccion alto, negativo
219,219,6:27:01.000 AM,-1,4,6,23,tiempo de reaccion alto,positivo
220,220,12:51:54.000 PM,+1,3,5,97,rendimiento excepcional, negativo
221,221,7:07:40.000 AM,-1,1,8,14,rendimiento alto,positivo
222,222,9:57:50.000 PM,-1,7,9,82,errores repetidos, negativo
223,223,3:59:52.000 PM,-1,5,8,42,errores repetidos,positivo
224,224,5:41:52.000 PM,+1,5,6,100,rendimiento alto, negativo
225,225,1:17:27.000 AM,+1,5,8,88,rendimiento estable,positivo
226,226,1:38:40.000 AM,+1,2,3,59,rendimiento excepcional, negativo
227,227,12:46:12.000 PM,+1,5,10,92,rendimiento estable, negativo
228,228,6:54:30.000 PM,-1,7,7,52,rendimiento estable,positivo
229,229,5:40:05.000 AM,-1,5,10,18,errores repetidos,positivo
230,230,3:40:35.000 PM,+1,2,2,23,rendimiento excepcional,positivo
231,231,4:33:39.000 AM,+1,3,2,61,rendimiento estable, negativo
232,232,9:20:20.000 AM,-1,3,7,61,rendimiento excepcional, negativo
233,233,10:15:03.000 PM,+1,3,7,44,rendimiento alto, negativo
234,234,11:06:46.000 AM,+1,3,7,47,rendimiento alto, negativo
235,235,8:19:29.000 PM,+1,6,10,52,rendimiento excepcional,positivo
236,236,4:08:53.000 AM,-1,0,6,51,tiempo de reaccion alto, negativo
237,237,1:33:23.000 AM,+1,8,10,41,rendimiento estable,positivo
238,238,4:53:15.000 PM,+1,3,9,52,tiempo de reaccion alto,positivo
239,239,5:44:06.000 PM,+1,2,9,84,tiempo de reaccion alto, negativo
240,240,10:15:55.000 PM,+1,4,6,18,errores repetidos, negativo
241,241,12:23:55.000 PM,+1,3,9,65,rendimiento estable, negativo
242,242,8:20:48.000 AM,-1,7,6,94,rendimiento estable,positivo
243,243,6:17:51.000 AM,+1,1,9,59,rendimiento excepcional, negativo
244,244,1:30:48.000 PM,+1,1,6,24,tiempo de reaccion alto,positivo
245,245,8:24:14.000 AM,-1,4,4,39,errores repetidos, negativo
246,246,1:48:16.000 AM,+1,10,4,89,errores repetidos, negativo
247,247,7:05:33.000 AM,+1,9,2,41,tiempo de reaccion alto, negativo
248,248,4:53:02.000 AM,+1,2,10,2,rendimiento estable,positivo
249,249,3:10:09.000 AM,-1,-1,4,74,rendimiento excepcional,positivo
250,250,5:30:50.000 AM,-1,-1,1,27,rendimiento alto,positivo
251,251,8:20:56.000 PM,+1,-1,2,12,rendimiento estable, negativo
252,252,12:36:18.000 PM,+1,4,9,56,rendimiento alto, negativo
253,253,7:04:52.000 PM,+1,4,6,58,errores repetidos,positivo
254,254,7:00:21.000 AM,-1,6,10,11,rendimiento alto, negativo
255,255,3:14:35.000 AM,+1,4,10,44,rendimiento excepcional, negativo
256,256,7:31:47.000 AM,-1,12,9,1,errores repetidos, negativo
257,257,3:38:35.000 AM,+1,5,2,55,rendimiento estable, negativo
258,258,5:24:38.000 PM,+1,1,5,24,rendimiento excepcional,positivo
259,259,9:19:29.000 PM,-1,0,2,31,rendimiento alto,positivo
260,260,2:27:08.000 PM,-1,7,3,90,rendimiento excepcional,positivo
261,261,7:27:33.000 PM,+1,5,8,62,errores repetidos,positivo
262,262,2:46:11.000 PM,+1,6,8,67,rendimiento excepcional,positivo
263,263,3:38:24.000 PM,+1,6,1,69,errores repetidos, negativo
264,264,7:12:54.000 PM,+1,3,2,25,tiempo de reaccion alto,positivo
265,265,4:23:17.000 PM,-1,7,5,59,rendimiento excepcional,positivo
266,266,10:34:06.000 AM,-1,4,5,9,rendimiento excepcional, negativo
267,267,10:07:20.000 AM,+1,-3,1,73,rendimiento excepcional, negativo
268,268,2:36:02.000 AM,+1,3,10,20,tiempo de reaccion alto,positivo
269,269,2:33:21.000 PM,-1,1,5,26,rendimiento excepcional, negativo
270,270,9:45:13.000 PM,+1,8,5,0,errores repetidos, negativo
271,271,8:25:40.000 PM,-1,6,6,16,rendimiento excepcional, negativo
272,272,1:24:15.000 PM,+1,3,2,89,rendimiento estable, negativo
273,273,12:34:21.000 AM,-1,2,9,48,rendimiento alto,positivo
274,274,4:49:04.000 AM,+1,6,10,45,rendimiento alto, negativo
275,275,9:03:36.000 AM,+1,3,2,23,rendimiento alto, negativo
276,276,5:31:11.000 AM,-1,9,9,86,rendimiento alto, negativo
277,277,4:32:00.000 AM,-1,6,5,11,rendimiento alto,positivo
278,278,5:44:54.000 PM,-1,6,7,21,tiempo de reaccion alto,positivo
279,279,7:35:54.000 PM,+1,8,5,33,rendimiento alto, negativo
280,280,3:44:07.000 PM,-1,9,8,100,rendimiento excepcional,positivo
281,281,6:49:21.000 PM,-1,1,3,40,rendimiento estable, negativo
282,282,9:26:05.000 AM,+1,6,4,87,tiempo de reaccion alto, negativo
283,283,1:10:14.000 PM,-1,-4,7,93,errores repetidos,positivo
284,284,12:59:12.000 PM,-1,1,9,39,rendimiento excepcional, negativo
285,285,10:53:03.000 AM,-1,2,5,96,rendimiento alto, negativo
286,286,2:27:22.000 PM,+1,5,5,73,rendimiento estable, negativo
287,287,9:34:09.000 AM,-1,5,10,28,rendimiento alto, negativo
288,288,3:21:55.000 PM,-1,2,9,61,rendimiento alto, negativo
289,289,8:24:22.000 PM,-1,9,9,73,tiempo de reaccion alto, negativo
290,290,9:13:59.000 AM,-1,4,10,56,tiempo de reaccion alto,positivo
291,291,5:19:53.000 AM,+1,6,2,85,rendimiento alto, negativo
292,292,2:16:32.000 PM,+1,1,4,78,errores repetidos, negativo
293,293,9:04:18.000 AM,+1,5,2,12,tiempo de reaccion alto,positivo
294,294,8:49:19.000 AM,+1,4,7,42,rendimiento estable,positivo
295,295,9:50:36.000 AM,-1,3,10,37,tiempo de reaccion alto, negativo
296,296,3:20:18.000 AM,+1,5,8,63,rendimiento excepcional,positivo
297,297,2:38:58.000 PM,+1,3,9,84,rendimiento excepcional,positivo
298,298,8:00:14.000 PM,+1,0,2,41,tiempo de reaccion alto,positivo
299,299,8:00:15.000 PM,+1,6,4,46,rendimiento estable,positivo
300,300,11:36:30.000 PM,+1,3,1,61,errores repetidos,positivo
301,301,6:01:06.000 AM,+1,3,3,75,tiempo de reaccion alto, negativo
302,302,10:25:26.000 AM,+1,4,5,80,rendimiento excepcional, negativo
303,303,11:42:08.000 AM,-1,7,1,48,errores repetidos,positivo
304,304,8:51:05.000 AM,+1,-2,9,45,rendimiento excepcional, negativo
305,305,5:32:57.000 PM,+1,5,5,26,errores repetidos, negativo
306,306,4:29:38.000 AM,-1,0,6,4,rendimiento alto, negativo
307,307,12:44:37.000 AM,+1,4,6,40,rendimiento excepcional, negativo
308,308,9:43:11.000 AM,+1,6,3,7,rendimiento excepcional,positivo
309,309,3:22:52.000 AM,+1,4,5,41,errores repetidos,positivo
310,310,2:20:57.000 PM,+1,-2,5,10,rendimiento estable, negativo
311,311,11:42:56.000 PM,+1,-5,2,16,rendimiento estable,positivo
312,312,5:02:00.000 AM,+1,4,9,51,rendimiento alto, negativo
313,313,2:09:19.000 PM,+1,1,10,80,errores repetidos, negativo
314,314,7:03:16.000 PM,-1,2,4,70,rendimiento estable, negativo
315,315,9:16:22.000 AM,+1,4,6,18,rendimiento alto, negativo
316,316,4:25:35.000 AM,+1,-2,5,75,tiempo de reaccion alto,positivo
317,317,8:23:45.000 PM,+1,5,4,14,rendimiento excepcional, negativo
318,318,11:10:57.000 PM,+1,0,9,3,errores repetidos, negativo
319,319,6:24:58.000 AM,+1,4,10,4,rendimiento estable, negativo
320,320,9:35:34.000 PM,+1,6,9,27,rendimiento excepcional, negativo
321,321,9:38:34.000 AM,+1,2,5,95,rendimiento excepcional, negativo
322,322,7:09:52.000 AM,-1,3,10,44,rendimiento alto, negativo
323,323,3:54:02.000 PM,+1,5,10,43,rendimiento alto, negativo
324,324,5:16:56.000 PM,-1,2,2,95,rendimiento excepcional, negativo
325,325,8:25:00.000 AM,+1,6,1,14,rendimiento alto,positivo
326,326,12:21:50.000 AM,-1,4,1,53,rendimiento estable,positivo
327,327,10:02:06.000 PM,+1,1,5,2,errores repetidos, negativo
328,328,9:01:57.000 AM,+1,5,5,27,tiempo de reaccion alto, negativo
329,329,5:45:15.000 PM,-1,2,10,88,errores repetidos, negativo
330,330,6:09:48.000 AM,-1,4,7,9,rendimiento excepcional,positivo
331,331,4:59:01.000 AM,+1,-2,4,25,rendimiento estable, negativo
332,332,5:46:19.000 PM,+1,9,8,27,errores repetidos, negativo
333,333,1:12:16.000 PM,+1,6,8,1,errores repetidos,positivo
334,334,12:05:21.000 PM,-1,4,5,77,rendimiento excepcional, negativo
335,335,3:38:13.000 AM,+1,3,8,46,rendimiento excepcional, negativo
336,336,4:58:13.000 AM,+1,10,2,75,tiempo de reaccion alto,positivo
337,337,7:38:07.000 PM,-1,12,9,7,tiempo de reaccion alto,positivo
338,338,6:35:01.000 PM,+1,4,4,22,rendimiento alto, negativo
339,339,3:04:44.000 AM,+1,6,2,28,errores repetidos, negativo
340,340,3:53:10.000 AM,+1,0,1,63,rendimiento estable, negativo
341,341,10:16:29.000 PM,-1,1,1,24,rendimiento estable,positivo
342,342,7:58:07.000 PM,+1,6,5,94,rendimiento estable,positivo
343,343,1:31:29.000 AM,+1,7,3,10,rendimiento estable, negativo
344,344,7:34:06.000 PM,+1,4,5,88,errores repetidos, negativo
345,345,11:21:28.000 AM,+1,-1,2,15,errores repetidos,positivo
346,346,4:46:47.000 AM,+1,4,1,73,rendimiento excepcional,positivo
347,347,7:33:24.000 PM,+1,-1,1,11,tiempo de reaccion alto, negativo
348,348,1:18:22.000 AM,+1,0,3,77,rendimiento alto,positivo
349,349,6:36:22.000 AM,-1,9,6,87,rendimiento alto, negativo
350,350,5:40:57.000 AM,+1,6,9,18,tiempo de reaccion alto,positivo
351,351,5:07:57.000 AM,+1,6,7,50,rendimiento estable,positivo
352,352,3:08:55.000 PM,+1,2,2,28,tiempo de reaccion alto, negativo
353,353,8:26:43.000 PM,-1,8,2,91,rendimiento excepcional,positivo
354,354,9:56:50.000 AM,-1,-2,5,69,rendimiento estable, negativo
355,355,10:16:07.000 PM,+1,9,10,42,rendimiento estable, negativo
356,356,2:25:00.000 PM,+1,6,1,0,rendimiento alto,positivo
357,357,6:29:56.000 AM,-1,2,6,34,errores repetidos,positivo
358,358,4:17:17.000 PM,-1,7,2,92,errores repetidos, negativo
359,359,5:31:12.000 AM,+1,6,3,0,rendimiento alto,positivo
360,360,7:55:58.000 AM,+1,2,3,42,tiempo de reaccion alto, negativo
361,361,1:24:18.000 PM,-1,6,8,75,rendimiento alto, negativo
362,362,11:32:15.000 PM,-1,5,5,46,rendimiento excepcional, negativo
363,363,4:37:23.000 AM,+1,5,10,42,rendimiento estable, negativo
364,364,11:57:00.000 PM,+1,5,3,41,tiempo de reaccion alto, negativo
365,365,10:54:53.000 AM,+1,4,3,64,rendimiento alto,positivo
366,366,11:08:39.000 PM,+1,4,10,26,rendimiento alto,positivo
367,367,7:36:05.000 AM,+1,3,10,100,errores repetidos, negativo
368,368,3:48:04.000 PM,+1,7,4,69,errores repetidos, negativo
369,369,9:49:07.000 AM,-1,5,3,81,rendimiento excepcional, negativo
370,370,6:12:17.000 PM,-1,8,3,35,rendimiento alto,positivo
371,371,12:13:18.000 PM,+1,5,4,5,rendimiento excepcional,positivo
372,372,5:46:41.000 PM,-1,7,8,44,rendimiento excepcional, negativo
373,373,8:39:07.000 AM,+1,3,5,100,rendimiento excepcional, negativo
374,374,7:23:51.000 PM,+1,12,8,65,rendimiento alto, negativo
375,375,4:00:26.000 AM,-1,3,8,57,rendimiento alto, negativo
376,376,7:20:44.000 AM,+1,4,10,13,rendimiento excepcional, negativo
377,377,6:09:40.000 AM,-1,7,9,17,errores repetidos,positivo
378,378,8:48:11.000 AM,+1,10,7,26,errores repetidos, negativo
379,379,1:57:28.000 PM,+1,2,8,6,rendimiento estable, negativo
380,380,10:41:22.000 AM,-1,2,7,67,rendimiento alto,positivo
381,381,5:42:26.000 AM,+1,-4,2,84,rendimiento excepcional, negativo
382,382,8:22:07.000 PM,-1,7,4,60,tiempo de reaccion alto, negativo
383,383,2:31:34.000 AM,-1,6,2,77,rendimiento excepcional,positivo
384,384,5:33:46.000 PM,-1,3,3,90,rendimiento estable, negativo
385,385,1:04:00.000 PM,-1,3,5,82,rendimiento alto, negativo
386,386,4:02:50.000 PM,-1,12,8,93,rendimiento excepcional,positivo
387,387,2:40:48.000 PM,+1,2,8,26,rendimiento excepcional, negativo
388,388,12:37:00.000 PM,-1,5,9,11,tiempo de reaccion alto,positivo
389,389,8:20:20.000 PM,+1,9,9,31,rendimiento excepcional,positivo
390,390,6:26:35.000 PM,-1,5,6,66,errores repetidos, negativo
391,391,4:54:53.000 AM,-1,5,3,36,rendimiento alto,positivo
392,392,7:35:24.000 PM,+1,7,7,64,rendimiento estable, negativo
393,393,5:15:05.000 AM,-1,10,2,93,rendimiento estable,positivo
394,394,9:12:48.000 PM,-1,7,5,72,rendimiento estable, negativo
395,395,2:16:32.000 AM,-1,1,7,26,tiempo de reaccion alto,positivo
396,396,12:07:22.000 PM,-1,4,2,70,rendimiento estable,positivo
397,397,11:47:26.000 PM,+1,5,8,42,rendimiento estable, negativo
398,398,5:24:44.000 AM,+1,3,8,48,rendimiento excepcional, negativo
399,399,1:31:11.000 AM,+1,4,6,45,tiempo de reaccion alto,positivo
400,400,12:22:39.000 AM,-1,12,4,69,tiempo de reaccion alto, negativo
401,401,2:16:23.000 AM,-1,2,8,81,rendimiento estable,positivo
402,402,3:08:54.000 AM,+1,0,3,23,rendimiento excepcional,positivo
403,403,10:41:08.000 PM,+1,3,3,40,tiempo de reaccion alto,positivo
404,404,3:20:53.000 PM,-1,7,9,72,rendimiento estable, negativo
405,405,7:34:04.000 AM,-1,1,10,3,rendimiento alto, negativo
406,406,10:20:54.000 PM,-1,1,8,7,tiempo de reaccion alto,positivo
407,407,10:08:57.000 AM,+1,6,4,52,rendimiento estable, negativo
408,408,7:54:51.000 AM,-1,6,10,72,errores repetidos,positivo
409,409,1:59:27.000 PM,-1,1,6,33,errores repetidos, negativo
410,410,11:38:31.000 AM,-1,9,9,7,errores repetidos,positivo
411,411,2:56:55.000 AM,+1,2,9,73,tiempo de reaccion alto,positivo
412,412,2:00:32.000 AM,+1,3,9,61,errores repetidos, negativo
413,413,5:21:40.000 AM,-1,4,5,38,rendimiento excepcional, negativo
414,414,8:10:29.000 AM,-1,0,5,52,rendimiento estable,positivo
415,415,1:58:35.000 PM,-1,2,4,83,errores repetidos,positivo
416,416,8:49:52.000 PM,+1,8,5,0,rendimiento alto, negativo
417,417,10:15:54.000 PM,+1,0,8,43,errores repetidos, negativo
418,418,11:36:03.000 AM,-1,5,7,6,tiempo de reaccion alto,positivo
419,419,4:01:47.000 PM,+1,3,9,4,rendimiento excepcional,positivo
420,420,5:43:36.000 PM,+1,5,8,14,errores repetidos,positivo
421,421,5:16:45.000 AM,-1,5,3,75,tiempo de reaccion alto, negativo
422,422,8:02:19.000 PM,+1,0,9,78,errores repetidos,positivo
423,423,10:23:21.000 AM,-1,5,6,56,tiempo de reaccion alto, negativo
424,424,2:23:30.000 PM,-1,2,2,63,rendimiento alto, negativo
425,425,3:39:28.000 PM,-1,6,4,39,rendimiento alto,positivo
426,426,3:24:26.000 AM,+1,4,5,64,rendimiento estable, negativo
427,427,9:57:50.000 PM,+1,6,7,84,rendimiento alto, negativo
428,428,2:06:04.000 PM,-1,5,1,31,rendimiento alto,positivo
429,429,6:09:51.000 PM,+1,1,5,32,rendimiento alto,positivo
430,430,11:23:03.000 PM,-1,6,10,16,tiempo de reaccion alto,positivo
431,431,7:36:38.000 PM,+1,-1,2,15,errores repetidos, negativo
432,432,9:07:44.000 PM,+1,6,2,72,rendimiento estable, negativo
433,433,8:35:16.000 AM,-1,6,8,95,rendimiento alto, negativo
434,434,12:13:44.000 AM,+1,0,1,47,rendimiento alto, negativo
435,435,5:31:17.000 PM,-1,10,5,32,tiempo de reaccion alto, negativo
436,436,12:30:31.000 AM,-1,2,10,45,rendimiento alto, negativo
437,437,6:45:12.000 PM,+1,5,10,78,rendimiento excepcional, negativo
438,438,8:12:39.000 PM,+1,-4,4,82,rendimiento excepcional, negativo
439,439,3:26:40.000 PM,+1,0,5,57,rendimiento excepcional,positivo
440,440,6:49:42.000 PM,+1,1,8,49,rendimiento excepcional,positivo
441,441,11:11:51.000 AM,+1,2,5,8,rendimiento excepcional, negativo
442,442,3:59:41.000 AM,-1,5,6,91,rendimiento alto,positivo
443,443,10:40:04.000 PM,+1,-1,1,24,rendimiento estable,positivo
444,444,2:35:20.000 AM,-1,6,7,17,rendimiento alto,positivo
445,445,5:33:53.000 PM,-1,1,7,78,rendimiento alto,positivo
446,446,6:06:30.000 PM,-1,5,4,20,tiempo de reaccion alto, negativo
447,447,9:52:22.000 AM,-1,3,7,58,errores repetidos, negativo
448,448,4:30:14.000 PM,+1,-3,8,21,errores repetidos, negativo
449,449,3:43:43.000 PM,-1,3,5,13,tiempo de reaccion alto,positivo
450,450,10:14:44.000 PM,-1,6,7,76,rendimiento alto,positivo
451,451,2:46:58.000 PM,-1,5,2,5,errores repetidos,positivo
452,452,10:15:09.000 PM,-1,4,9,66,rendimiento alto, negativo
453,453,2:18:20.000 PM,-1,2,8,68,errores repetidos,positivo
454,454,3:33:07.000 AM,+1,4,5,10,errores repetidos, negativo
455,455,7:15:25.000 AM,-1,7,8,79,tiempo de reaccion alto,positivo
456,456,11:58:13.000 PM,+1,6,2,49,rendimiento estable, negativo
457,457,9:22:38.000 AM,+1,1,2,5,rendimiento estable, negativo
458,458,9:14:08.000 PM,+1,7,9,93,errores repetidos,positivo
459,459,10:12:29.000 AM,-1,2,5,82,tiempo de reaccion alto,positivo
460,460,7:59:33.000 AM,-1,6,4,39,rendimiento estable,positivo
461,461,4:51:53.000 PM,+1,6,3,94,errores repetidos, negativo
462,462,1:27:22.000 AM,-1,-2,1,13,tiempo de reaccion alto,positivo
463,463,6:10:13.000 PM,-1,4,3,79,errores repetidos, negativo
464,464,7:39:28.000 PM,+1,2,4,69,rendimiento alto,positivo
465,465,9:44:43.000 AM,-1,6,2,84,rendimiento estable,positivo
466,466,1:24:46.000 PM,-1,6,6,93,rendimiento estable,positivo
467,467,3:41:07.000 PM,+1,7,1,45,errores repetidos,positivo
468,468,12:22:52.000 PM,-1,4,5,44,rendimiento estable,positivo
469,469,12:39:08.000 PM,-1,4,4,79,rendimiento estable,positivo
470,470,4:16:21.000 PM,+1,6,3,7,rendimiento alto,positivo
471,471,6:24:56.000 AM,+1,5,6,2,rendimiento alto,positivo
472,472,9:08:11.000 AM,-1,2,3,74,rendimiento estable,positivo
473,473,1:07:06.000 AM,+1,6,3,33,errores repetidos, negativo
474,474,3:31:05.000 AM,-1,1,7,72,rendimiento estable, negativo
475,475,11:32:46.000 PM,+1,7,1,66,tiempo de reaccion alto,positivo
476,476,7:43:26.000 AM,+1,1,8,94,tiempo de reaccion alto, negativo
477,477,9:22:35.000 PM,-1,-1,2,16,rendimiento alto, negativo
478,478,6:23:49.000 PM,+1,9,10,48,errores repetidos,positivo
479,479,8:15:54.000 AM,+1,8,9,4,tiempo de reaccion alto, negativo
480,480,3:25:42.000 AM,-1,7,7,67,rendimiento estable,positivo
481,481,1:35:32.000 AM,-1,9,1,21,errores repetidos, negativo
482,482,1:17:45.000 AM,-1,4,7,20,errores repetidos, negativo
483,483,6:00:31.000 PM,-1,4,4,64,errores repetidos,positivo
484,484,12:49:21.000 PM,-1,1,8,87,rendimiento estable, negativo
485,485,11:38:46.000 PM,+1,1,6,0,rendimiento alto,positivo
486,486,6:49:24.000 AM,+1,3,4,46,rendimiento excepcional,positivo
487,487,7:58:33.000 AM,-1,6,2,50,errores repetidos,positivo
488,488,7:47:54.000 PM,+1,7,9,4,errores repetidos,positivo
489,489,2:28:17.000 PM,-1,5,6,20,tiempo de reaccion alto, negativo
490,490,10:48:20.000 PM,+1,-1,10,26,errores repetidos, negativo
491,491,10:57:32.000 PM,-1,8,9,71,rendimiento alto, negativo
492,492,11:48:02.000 AM,-1,0,1,83,tiempo de reaccion alto,positivo
493,493,1:44:45.000 PM,-1,8,10,29,rendimiento excepcional, negativo
494,494,8:09:35.000 AM,-1,2,7,98,rendimiento excepcional, negativo
495,495,2:32:03.000 PM,-1,7,1,55,tiempo de reaccion alto,positivo
496,496,3:07:23.000 PM,-1,7,8,20,rendimiento excepcional, negativo
497,497,1:42:21.000 PM,-1,1,6,97,tiempo de reaccion alto, negativo
498,498,9:56:16.000 PM,-1,-1,3,6,rendimiento alto, negativo
499,499,10:53:21.000 AM,-1,7,6,60,errores repetidos, negativo
500,500,7:00:07.000 PM,+1,-4,4,76,rendimiento estable,positivo
501,501,12:32:10.000 AM,+1,5,4,49,rendimiento estable, negativo
502,502,11:43:46.000 AM,+1,6,5,78,rendimiento estable,positivo
503,503,8:55:13.000 PM,-1,4,1,3,rendimiento alto, negativo
504,504,2:55:43.000 AM,-1,4,9,30,rendimiento estable, negativo
505,505,6:34:28.000 AM,+1,8,6,16,rendimiento estable,positivo
506,506,1:35:10.000 PM,+1,3,3,78,errores repetidos,positivo
507,507,7:45:07.000 PM,+1,2,5,47,rendimiento excepcional,positivo
508,508,12:29:07.000 PM,-1,3,4,1,errores repetidos,positivo
509,509,9:55:02.000 PM,+1,8,2,23,tiempo de reaccion alto, negativo
510,510,6:15:50.000 PM,-1,3,3,2,tiempo de reaccion alto, negativo
511,511,4:49:04.000 AM,-1,9,2,19,tiempo de reaccion alto,positivo
512,512,6:42:41.000 AM,-1,6,4,87,rendimiento alto, negativo
513,513,6:26:31.000 AM,+1,-1,9,68,errores repetidos, negativo
514,514,3:15:38.000 PM,-1,5,1,24,tiempo de reaccion alto,positivo
515,515,9:12:03.000 PM,+1,0,7,26,rendimiento estable, negativo
516,516,3:22:25.000 AM,-1,4,9,4,rendimiento alto,positivo
517,517,1:07:19.000 PM,+1,6,2,58,tiempo de reaccion alto, negativo
518,518,3:39:42.000 AM,+1,5,6,24,rendimiento excepcional,positivo
519,519,3:42:04.000 AM,-1,5,7,0,rendimiento estable, negativo
520,520,2:35:55.000 PM,+1,2,8,78,rendimiento estable,positivo
521,521,6:40:15.000 PM,+1,-1,9,74,rendimiento estable, negativo
522,522,8:48:42.000 AM,-1,2,10,63,tiempo de reaccion alto,positivo
523,523,12:55:20.000 PM,+1,5,9,33,rendimiento excepcional, negativo
524,524,4:22:10.000 PM,-1,3,6,44,rendimiento alto,positivo
525,525,8:18:23.000 AM,-1,5,10,13,tiempo de reaccion alto, negativo
526,526,10:55:39.000 AM,+1,11,7,0,rendimiento estable,positivo
527,527,8:30:57.000 PM,-1,2,10,88,tiempo de reaccion alto, negativo
528,528,11:04:20.000 AM,-1,5,8,29,errores repetidos,positivo
529,529,9:51:23.000 PM,+1,4,5,31,tiempo de reaccion alto, negativo
530,530,8:43:00.000 AM,+1,4,1,3,rendimiento estable, negativo
531,531,1:39:20.000 AM,-1,10,5,10,rendimiento excepcional, negativo
532,532,1:27:00.000 PM,-1,5,6,39,rendimiento estable, negativo
533,533,8:52:47.000 PM,-1,7,8,50,rendimiento estable, negativo
534,534,8:00:25.000 AM,+1,2,5,53,rendimiento excepcional, negativo
535,535,9:04:25.000 PM,-1,6,7,85,rendimiento estable, negativo
536,536,12:10:03.000 PM,+1,-2,9,80,rendimiento alto, negativo
537,537,4:22:58.000 PM,-1,5,7,34,rendimiento excepcional, negativo
538,538,12:24:20.000 AM,-1,5,6,84,rendimiento alto,positivo
539,539,5:47:04.000 PM,+1,9,2,11,rendimiento alto,positivo
540,540,2:36:58.000 PM,+1,9,9,35,rendimiento estable,positivo
541,541,10:30:23.000 AM,+1,-1,4,42,rendimiento excepcional, negativo
542,542,2:56:39.000 PM,+1,3,10,45,rendimiento excepcional,positivo
543,543,11:26:20.000 PM,-1,6,4,65,errores repetidos, negativo
544,544,12:57:34.000 PM,+1,4,2,63,errores repetidos,positivo
545,545,5:16:25.000 PM,-1,3,9,39,rendimiento alto,positivo
546,546,5:32:50.000 PM,+1,1,4,1,tiempo de reaccion alto, negativo
547,547,4:29:52.000 AM,+1,6,10,2,rendimiento excepcional, negativo
548,548,9:45:27.000 AM,+1,2,5,15,rendimiento estable,positivo
549,549,2:53:49.000 PM,-1,4,7,40,rendimiento estable, negativo
550,550,4:10:56.000 AM,+1,3,9,74,tiempo de reaccion alto, negativo
551,551,12:02:01.000 AM,-1,2,2,29,rendimiento alto, negativo
552,552,12:46:01.000 AM,-1,9,5,22,rendimiento excepcional,positivo
553,553,5:24:31.000 AM,-1,-2,9,24,errores repetidos, negativo
554,554,2:47:15.000 AM,-1,8,5,79,rendimiento excepcional, negativo
555,555,4:13:35.000 AM,-1,4,10,86,errores repetidos,positivo
556,556,3:37:15.000 AM,+1,6,5,100,rendimiento excepcional,positivo
557,557,11:00:49.000 AM,-1,5,7,20,rendimiento alto, negativo
558,558,11:12:35.000 PM,+1,9,4,46,rendimiento alto, negativo
559,559,12:42:38.000 AM,+1,9,1,43,tiempo de reaccion alto, negativo
560,560,8:10:48.000 AM,+1,6,7,57,tiempo de reaccion alto,positivo
561,561,3:36:09.000 AM,+1,2,3,21,tiempo de reaccion alto,positivo
562,562,8:47:40.000 AM,-1,1,5,37,tiempo de reaccion alto,positivo
563,563,11:50:28.000 AM,+1,8,6,57,tiempo de reaccion alto,positivo
564,564,2:41:11.000 AM,+1,4,1,25,tiempo de reaccion alto,positivo
565,565,6:39:22.000 AM,+1,-2,1,90,errores repetidos,positivo
566,566,12:25:08.000 AM,+1,4,10,94,errores repetidos,positivo
567,567,9:26:59.000 PM,-1,5,1,39,rendimiento alto, negativo
568,568,7:06:27.000 PM,+1,2,6,84,tiempo de reaccion alto, negativo
569,569,4:46:12.000 PM,-1,8,10,23,rendimiento estable,positivo
570,570,12:33:48.000 AM,-1,2,8,23,errores repetidos, negativo
571,571,4:09:13.000 AM,+1,2,2,3,rendimiento estable, negativo
572,572,2:26:47.000 AM,+1,2,7,60,rendimiento excepcional, negativo
573,573,7:29:02.000 PM,+1,5,10,95,rendimiento excepcional,positivo
574,574,3:57:30.000 PM,-1,6,4,53,rendimiento alto,positivo
575,575,12:14:10.000 PM,-1,4,7,49,rendimiento estable, negativo
576,576,2:35:04.000 AM,+1,4,4,62,errores repetidos,positivo
577,577,2:41:12.000 PM,+1,0,8,13,tiempo de reaccion alto,positivo
578,578,11:36:49.000 AM,+1,3,6,76,tiempo de reaccion alto, negativo
579,579,3:31:59.000 AM,-1,7,9,57,rendimiento estable,positivo
580,580,9:54:14.000 PM,-1,8,4,94,errores repetidos,positivo
581,581,6:52:40.000 AM,+1,0,5,79,rendimiento alto, negativo
582,582,8:12:54.000 AM,-1,-1,5,70,rendimiento excepcional, negativo
583,583,10:00:04.000 AM,-1,4,5,55,rendimiento estable, negativo
584,584,5:43:57.000 PM,+1,10,7,97,rendimiento estable,positivo
585,585,9:39:17.000 PM,+1,7,9,80,rendimiento excepcional,positivo
586,586,6:35:14.000 PM,-1,2,6,95,errores repetidos, negativo
587,587,8:09:58.000 AM,-1,7,9,75,rendimiento excepcional,positivo
588,588,4:54:58.000 AM,-1,0,2,17,errores repetidos,positivo
589,589,1:17:25.000 AM,+1,8,7,30,tiempo de reaccion alto,positivo
590,590,8:12:18.000 PM,+1,6,3,68,tiempo de reaccion alto,positivo
591,591,1:25:50.000 AM,-1,4,2,5,rendimiento excepcional,positivo
592,592,4:30:09.000 PM,+1,5,3,85,rendimiento alto, negativo
593,593,5:38:36.000 AM,-1,5,6,26,tiempo de reaccion alto, negativo
594,594,3:18:11.000 PM,-1,4,7,1,errores repetidos, negativo
595,595,12:02:47.000 PM,-1,3,10,75,rendimiento estable, negativo
596,596,5:22:23.000 AM,+1,0,1,48,rendimiento estable, negativo
597,597,4:04:30.000 AM,+1,7,2,36,rendimiento alto,positivo
598,598,3:37:39.000 AM,+1,5,4,82,errores repetidos, negativo
599,599,5:58:29.000 PM,+1,1,2,96,tiempo de reaccion alto,positivo
600,600,8:47:32.000 PM,+1,3,5,46,rendimiento estable,positivo
601,601,9:16:54.000 PM,+1,7,6,45,rendimiento alto,positivo
602,602,1:11:08.000 AM,-1,4,10,19,rendimiento alto, negativo
603,603,10:28:20.000 PM,-1,7,4,52,rendimiento alto,positivo
604,604,5:17:47.000 PM,+1,3,10,36,rendimiento excepcional,positivo
605,605,10:45:51.000 PM,+1,6,2,66,rendimiento estable, negativo
606,606,6:35:38.000 PM,+1,3,5,50,tiempo de reaccion alto,positivo
607,607,10:33:47.000 AM,+1,2,5,54,errores repetidos, negativo
608,608,5:14:17.000 AM,-1,-1,8,3,tiempo de reaccion alto,positivo
609,609,11:18:38.000 PM,+1,8,1,55,rendimiento excepcional, negativo
610,610,5:38:09.000 PM,+1,1,3,13,rendimiento alto, negativo
611,611,2:24:57.000 AM,+1,5,4,17,tiempo de reaccion alto,positivo
612,612,5:20:43.000 AM,+1,5,3,2,tiempo de reaccion alto, negativo
613,613,5:19:48.000 PM,+1,5,7,28,rendimiento excepcional,positivo
614,614,5:25:27.000 AM,+1,1,8,56,errores repetidos,positivo
615,615,2:19:32.000 PM,+1,1,7,44,rendimiento estable,positivo
616,616,10:51:42.000 PM,-1,1,2,2,rendimiento alto,positivo
617,617,11:00:32.000 AM,+1,13,7,76,errores repetidos, negativo
618,618,2:18:12.000 PM,+1,7,4,79,rendimiento estable, negativo
619,619,6:42:16.000 AM,-1,5,2,86,rendimiento alto,positivo
620,620,2:43:58.000 AM,-1,5,1,38,rendimiento alto, negativo
621,621,7:03:17.000 AM,-1,1,8,28,rendimiento estable,positivo
622,622,11:02:19.000 AM,+1,3,2,52,rendimiento estable, negativo
623,623,1:23:04.000 AM,+1,4,3,76,errores repetidos, negativo
624,624,3:29:19.000 AM,-1,5,10,95,tiempo de reaccion alto, negativo
625,625,2:34:00.000 AM,-1,2,1,15,rendimiento excepcional,positivo
626,626,10:17:43.000 AM,+1,1,6,76,rendimiento excepcional,positivo
627,627,11:01:02.000 PM,-1,4,10,14,errores repetidos,positivo
628,628,2:49:28.000 AM,+1,4,10,94,rendimiento excepcional, negativo
629,629,11:34:02.000 PM,-1,4,7,15,tiempo de reaccion alto,positivo
630,630,8:55:59.000 AM,+1,4,6,0,rendimiento excepcional, negativo
631,631,2:22:06.000 AM,+1,6,10,83,rendimiento estable, negativo
632,632,10:47:06.000 AM,-1,5,3,0,rendimiento alto,positivo
633,633,7:33:05.000 AM,-1,6,9,91,rendimiento estable,positivo
634,634,5:27:24.000 PM,+1,6,1,69,rendimiento alto,positivo
635,635,6:23:09.000 AM,+1,4,5,60,errores repetidos,positivo
636,636,3:21:02.000 PM,+1,1,4,64,rendimiento estable,positivo
637,637,12:38:03.000 AM,-1,3,7,72,rendimiento excepcional, negativo
638,638,4:26:16.000 PM,+1,7,1,87,rendimiento excepcional, negativo
639,639,11:13:12.000 AM,-1,6,4,85,rendimiento alto,positivo
640,640,4:46:38.000 AM,+1,6,10,93,errores repetidos, negativo
641,641,12:05:18.000 PM,-1,0,5,16,rendimiento excepcional,positivo
642,642,12:07:48.000 PM,+1,8,7,16,errores repetidos, negativo
643,643,12:38:36.000 PM,+1,4,5,70,rendimiento excepcional,positivo
644,644,1:02:13.000 AM,-1,1,5,60,rendimiento estable, negativo
645,645,8:28:59.000 PM,+1,2,8,39,rendimiento estable, negativo
646,646,7:07:25.000 PM,-1,4,5,44,rendimiento excepcional,positivo
647,647,5:19:56.000 AM,-1,8,10,38,rendimiento alto,positivo
648,648,1:18:00.000 PM,+1,3,2,10,rendimiento excepcional,positivo
649,649,5:11:26.000 PM,-1,6,2,48,errores repetidos, negativo
650,650,4:15:27.000 AM,+1,8,1,29,errores repetidos, negativo
651,651,10:21:37.000 PM,+1,6,5,62,errores repetidos,positivo
652,652,11:35:48.000 PM,+1,3,10,67,rendimiento excepcional, negativo
653,653,2:53:23.000 AM,-1,1,5,5,rendimiento estable, negativo
654,654,11:39:38.000 PM,+1,5,5,1,rendimiento estable, negativo
655,655,8:57:46.000 PM,-1,8,9,20,tiempo de reaccion alto,positivo
656,656,11:21:02.000 AM,-1,2,3,53,rendimiento alto, negativo
657,657,3:21:02.000 PM,-1,8,4,46,tiempo de reaccion alto,positivo
658,658,2:54:15.000 AM,-1,4,2,96,rendimiento excepcional,positivo
659,659,2:45:58.000 PM,+1,8,8,71,errores repetidos, negativo
660,660,9:53:45.000 PM,-1,11,2,31,rendimiento estable,positivo
661,661,7:57:53.000 AM,-1,6,4,54,tiempo de reaccion alto, negativo
662,662,6:25:52.000 AM,+1,7,8,10,tiempo de reaccion alto,positivo
663,663,11:28:52.000 AM,-1,5,1,1,rendimiento excepcional, negativo
664,664,11:05:35.000 PM,-1,6,6,53,rendimiento excepcional, negativo
665,665,9:02:30.000 PM,-1,4,6,86,rendimiento estable, negativo
666,666,5:44:18.000 AM,+1,3,7,77,rendimiento alto,positivo
667,667,9:29:47.000 AM,-1,7,8,13,rendimiento alto, negativo
668,668,12:42:48.000 AM,-1,7,2,76,rendimiento alto,positivo
669,669,10:43:37.000 PM,-1,3,5,63,rendimiento estable, negativo
670,670,8:39:14.000 PM,+1,8,2,75,rendimiento alto, negativo
671,671,11:06:31.000 AM,-1,5,2,53,rendimiento estable,positivo
672,672,4:07:39.000 PM,+1,0,4,90,rendimiento estable, negativo
673,673,12:35:57.000 AM,-1,6,8,28,tiempo de reaccion alto, negativo
674,674,9:39:41.000 AM,-1,-1,3,95,rendimiento excepcional, negativo
675,675,9:16:31.000 AM,+1,6,8,18,rendimiento alto,positivo
676,676,11:12:46.000 AM,+1,9,1,2,rendimiento estable, negativo
677,677,4:39:30.000 PM,+1,3,6,23,rendimiento alto,positivo
678,678,1:32:24.000 PM,-1,5,2,44,rendimiento estable,positivo
679,679,7:08:56.000 PM,-1,9,4,95,rendimiento excepcional,positivo
680,680,5:38:54.000 PM,+1,1,5,22,rendimiento excepcional, negativo
681,681,10:08:49.000 AM,+1,-2,9,8,rendimiento alto, negativo
682,682,12:49:20.000 PM,-1,-2,3,94,errores repetidos, negativo
683,683,9:45:33.000 PM,+1,1,1,74,rendimiento excepcional,positivo
684,684,3:42:42.000 AM,+1,1,3,64,errores repetidos,positivo
685,685,12:53:26.000 AM,-1,3,7,71,errores repetidos,positivo
686,686,12:00:19.000 PM,+1,4,5,47,rendimiento excepcional, negativo
687,687,9:00:43.000 AM,-1,5,8,70,tiempo de reaccion alto, negativo
688,688,9:44:23.000 PM,+1,2,1,55,rendimiento excepcional, negativo
689,689,10:58:05.000 AM,-1,4,9,81,rendimiento estable,positivo
690,690,3:18:54.000 AM,+1,1,6,66,rendimiento alto, negativo
691,691,7:00:47.000 AM,+1,7,10,84,errores repetidos,positivo
692,692,1:42:37.000 PM,-1,7,5,86,errores repetidos, negativo
693,693,3:58:24.000 AM,-1,1,4,20,rendimiento estable,positivo
694,694,10:31:24.000 PM,+1,2,4,31,errores repetidos, negativo
695,695,1:41:42.000 AM,+1,3,2,15,rendimiento alto, negativo
696,696,10:59:00.000 PM,+1,3,7,1,errores repetidos, negativo
697,697,7:35:52.000 PM,+1,6,8,39,tiempo de reaccion alto,positivo
698,698,2:14:08.000 PM,+1,-4,7,9,rendimiento alto, negativo
699,699,9:25:16.000 AM,+1,7,8,20,tiempo de reaccion alto,positivo
700,700,12:42:35.000 PM,-1,4,5,14,errores repetidos,positivo
701,701,3:37:46.000 PM,+1,7,7,96,rendimiento estable, negativo
702,702,10:03:03.000 AM,+1,1,2,30,rendimiento excepcional, negativo
703,703,3:46:01.000 PM,-1,6,8,96,rendimiento alto, negativo
704,704,1:42:09.000 PM,-1,6,5,66,tiempo de reaccion alto,positivo
705,705,11:08:48.000 PM,+1,7,2,67,tiempo de reaccion alto,positivo
706,706,11:53:24.000 AM,+1,0,8,66,rendimiento alto, negativo
707,707,12:38:21.000 PM,-1,3,8,18,rendimiento estable, negativo
708,708,1:33:22.000 PM,-1,0,1,14,rendimiento alto,positivo
709,709,3:05:12.000 PM,+1,5,8,65,rendimiento alto, negativo
710,710,9:46:47.000 PM,+1,1,4,27,tiempo de reaccion alto,positivo
711,711,11:09:02.000 PM,-1,6,8,84,errores repetidos, negativo
712,712,5:05:45.000 AM,+1,7,8,90,tiempo de reaccion alto,positivo
713,713,3:36:48.000 AM,+1,1,1,19,tiempo de reaccion alto,positivo
714,714,3:01:04.000 AM,-1,7,7,42,rendimiento estable,positivo
715,715,12:54:48.000 PM,-1,3,3,22,errores repetidos, negativo
716,716,6:27:20.000 PM,-1,2,9,86,rendimiento estable, negativo
717,717,1:17:58.000 PM,+1,-2,8,94,rendimiento alto,positivo
718,718,4:22:57.000 AM,+1,7,6,23,tiempo de reaccion alto,positivo
719,719,12:21:04.000 AM,-1,4,8,92,tiempo de reaccion alto,positivo
720,720,3:47:01.000 AM,+1,4,10,86,rendimiento alto,positivo
721,721,9:38:05.000 PM,+1,6,9,34,rendimiento alto, negativo
722,722,8:28:54.000 PM,-1,4,3,58,tiempo de reaccion alto, negativo
723,723,2:51:34.000 AM,+1,-1,5,75,rendimiento excepcional, negativo
724,724,1:58:59.000 PM,+1,6,4,48,rendimiento alto,positivo
725,725,12:51:12.000 PM,+1,0,3,43,tiempo de reaccion alto, negativo
726,726,6:36:53.000 PM,-1,6,6,68,rendimiento alto,positivo
727,727,11:24:37.000 PM,-1,10,3,22,rendimiento excepcional,positivo
728,728,9:06:06.000 AM,-1,1,7,7,tiempo de reaccion alto,positivo
729,729,4:49:31.000 AM,-1,6,5,67,tiempo de reaccion alto, negativo
730,730,1:08:16.000 PM,-1,10,1,67,rendimiento alto, negativo
731,731,6:56:49.000 AM,-1,3,1,44,rendimiento estable,positivo
732,732,10:25:47.000 AM,+1,4,4,12,rendimiento alto, negativo
733,733,3:08:12.000 AM,-1,1,5,70,errores repetidos,positivo
734,734,6:51:09.000 AM,+1,10,2,48,rendimiento alto,positivo
735,735,11:56:58.000 PM,+1,5,10,49,rendimiento alto, negativo
736,736,8:11:08.000 AM,-1,4,6,62,errores repetidos,positivo
737,737,12:04:04.000 PM,+1,6,3,17,rendimiento excepcional,positivo
738,738,5:27:37.000 PM,+1,5,10,89,rendimiento estable, negativo
739,739,7:31:02.000 PM,-1,3,5,48,rendimiento alto,positivo
740,740,7:06:16.000 AM,+1,2,3,78,rendimiento excepcional, negativo
741,741,2:30:46.000 PM,-1,6,2,10,rendimiento alto,positivo
742,742,5:52:28.000 AM,-1,5,1,4,rendimiento excepcional, negativo
743,743,6:29:33.000 AM,-1,4,10,46,rendimiento excepcional,positivo
744,744,7:02:59.000 PM,-1,1,1,21,errores repetidos,positivo
745,745,8:42:08.000 AM,-1,7,1,60,rendimiento excepcional, negativo
746,746,9:09:58.000 AM,-1,2,4,94,tiempo de reaccion alto, negativo
747,747,1:04:53.000 AM,-1,0,5,30,rendimiento alto,positivo
748,748,6:35:57.000 PM,-1,6,5,11,rendimiento estable,positivo
749,749,12:16:07.000 PM,+1,2,7,92,rendimiento estable,positivo
750,750,4:32:07.000 PM,+1,7,8,5,errores repetidos, negativo
751,751,7:35:02.000 PM,-1,6,1,60,rendimiento excepcional,positivo
752,752,3:04:41.000 AM,-1,4,1,18,rendimiento alto, negativo
753,753,11:11:38.000 PM,-1,2,6,7,errores repetidos, negativo
754,754,3:28:08.000 AM,-1,3,6,42,rendimiento estable, negativo
755,755,6:17:00.000 PM,+1,8,3,62,rendimiento alto,positivo
756,756,8:37:49.000 PM,+1,2,8,84,rendimiento estable,positivo
757,757,6:40:18.000 PM,+1,8,8,23,rendimiento excepcional,positivo
758,758,2:30:01.000 PM,-1,-1,1,36,rendimiento estable, negativo
759,759,4:39:18.000 PM,-1,5,6,81,rendimiento excepcional, negativo
760,760,8:21:20.000 PM,+1,9,1,92,rendimiento alto,positivo
761,761,10:14:26.000 PM,-1,6,3,74,rendimiento alto, negativo
762,762,9:22:36.000 PM,+1,2,5,4,errores repetidos,positivo
763,763,4:52:59.000 AM,+1,3,7,55,errores repetidos, negativo
764,764,4:47:05.000 AM,+1,-1,1,25,errores repetidos, negativo
765,765,4:32:00.000 AM,+1,4,10,3,rendimiento excepcional,positivo
766,766,4:05:57.000 PM,-1,5,7,5,rendimiento alto,positivo
767,767,12:34:35.000 PM,-1,3,5,83,tiempo de reaccion alto, negativo
768,768,10:38:22.000 PM,-1,5,6,62,errores repetidos,positivo
769,769,3:19:09.000 AM,+1,5,8,74,tiempo de reaccion alto, negativo
770,770,11:13:57.000 PM,+1,4,1,2,tiempo de reaccion alto,positivo
771,771,12:15:09.000 PM,-1,6,7,8,rendimiento estable,positivo
772,772,5:13:27.000 PM,-1,3,5,16,errores repetidos,positivo
773,773,12:48:15.000 PM,+1,1,9,93,rendimiento alto, negativo
774,774,1:50:50.000 AM,+1,9,10,64,rendimiento alto,positivo
775,775,6:11:00.000 PM,+1,4,9,66,tiempo de reaccion alto, negativo
776,776,6:01:15.000 PM,-1,6,5,59,rendimiento estable,positivo
777,777,10:15:12.000 AM,-1,4,8,37,rendimiento excepcional,positivo
778,778,9:21:26.000 PM,+1,5,3,21,rendimiento estable,positivo
779,779,2:53:38.000 AM,+1,3,9,58,rendimiento estable, negativo
780,780,8:50:27.000 AM,-1,5,10,71,rendimiento excepcional, negativo
781,781,7:05:07.000 PM,+1,2,6,39,tiempo de reaccion alto,positivo
782,782,3:35:18.000 PM,-1,5,7,85,rendimiento estable,positivo
783,783,1:23:36.000 AM,+1,8,1,90,errores repetidos,positivo
784,784,6:52:35.000 PM,+1,1,2,32,rendimiento estable,positivo
785,785,3:10:46.000 PM,-1,-1,9,20,errores repetidos,positivo
786,786,2:13:02.000 PM,-1,3,3,91,rendimiento excepcional, negativo
787,787,11:37:39.000 PM,+1,5,4,2,errores repetidos,positivo
788,788,12:29:44.000 PM,+1,6,1,39,rendimiento estable, negativo
789,789,12:40:41.000 PM,+1,5,9,3,tiempo de reaccion alto, negativo
790,790,4:42:48.000 PM,-1,1,1,48,rendimiento alto, negativo
791,791,7:13:54.000 AM,+1,4,9,49,rendimiento alto, negativo
792,792,6:06:17.000 PM,+1,9,4,73,rendimiento estable,positivo
793,793,7:33:35.000 AM,+1,5,1,79,rendimiento alto,positivo
794,794,3:11:08.000 PM,+1,10,4,34,errores repetidos,positivo
795,795,7:24:04.000 AM,-1,6,3,65,errores repetidos,positivo
796,796,8:01:32.000 PM,+1,1,8,49,tiempo de reaccion alto,positivo
797,797,10:35:20.000 PM,-1,5,2,60,rendimiento estable, negativo
798,798,8:43:02.000 PM,-1,3,10,5,tiempo de reaccion alto, negativo
799,799,6:10:31.000 AM,+1,0,9,7,tiempo de reaccion alto,positivo
800,800,5:33:04.000 PM,+1,-3,10,99,rendimiento excepcional,positivo
801,801,4:43:34.000 PM,+1,0,6,71,rendimiento estable, negativo
802,802,11:01:20.000 PM,-1,4,9,92,rendimiento excepcional, negativo
803,803,6:22:36.000 AM,+1,8,5,86,rendimiento estable,positivo
804,804,2:37:17.000 PM,-1,3,8,26,rendimiento excepcional, negativo
805,805,10:14:05.000 PM,-1,10,4,24,tiempo de reaccion alto, negativo
806,806,11:52:20.000 AM,+1,5,4,38,rendimiento estable,positivo
807,807,8:57:45.000 AM,+1,5,1,32,rendimiento alto, negativo
808,808,6:50:21.000 PM,+1,3,4,52,errores repetidos, negativo
809,809,5:31:37.000 PM,+1,5,8,41,tiempo de reaccion alto,positivo
810,810,8:43:19.000 PM,+1,3,1,63,errores repetidos, negativo
811,811,10:06:44.000 PM,-1,-1,8,34,rendimiento alto,positivo
812,812,11:23:08.000 PM,-1,6,5,68,tiempo de reaccion alto,positivo
813,813,6:44:23.000 PM,+1,5,9,87,rendimiento alto,positivo
814,814,10:29:44.000 PM,+1,3,1,58,rendimiento alto, negativo
815,815,11:00:30.000 PM,-1,1,2,89,tiempo de reaccion alto,positivo
816,816,10:03:17.000 AM,+1,4,8,29,rendimiento excepcional,positivo
817,817,12:51:19.000 AM,-1,3,8,99,rendimiento alto, negativo
818,818,11:41:22.000 PM,+1,3,3,91,rendimiento alto, negativo
819,819,3:05:41.000 AM,-1,1,2,56,tiempo de reaccion alto,positivo
820,820,1:25:25.000 AM,+1,4,4,93,rendimiento estable,positivo
821,821,12:28:16.000 PM,+1,4,2,61,rendimiento alto,positivo
822,822,6:57:17.000 PM,+1,6,1,31,errores repetidos, negativo
823,823,4:53:48.000 AM,-1,9,6,17,rendimiento alto, negativo
824,824,5:24:45.000 PM,-1,3,7,73,rendimiento excepcional, negativo
825,825,8:52:13.000 PM,-1,0,7,2,rendimiento alto,positivo
826,826,8:01:50.000 AM,+1,4,9,68,errores repetidos,positivo
827,827,7:23:48.000 AM,-1,7,9,67,tiempo de reaccion alto, negativo
828,828,3:20:38.000 PM,-1,6,8,11,rendimiento excepcional,positivo
829,829,9:09:42.000 AM,-1,3,2,56,tiempo de reaccion alto,positivo
830,830,5:15:46.000 PM,-1,6,9,40,rendimiento excepcional,positivo
831,831,10:38:27.000 AM,-1,3,1,78,rendimiento estable,positivo
832,832,8:34:33.000 AM,+1,8,5,67,errores repetidos, negativo
833,833,6:04:54.000 AM,+1,0,10,75,rendimiento alto, negativo
834,834,3:17:20.000 AM,-1,4,2,34,rendimiento alto,positivo
835,835,7:33:19.000 PM,-1,0,6,61,tiempo de reaccion alto, negativo
836,836,4:06:28.000 AM,-1,7,2,100,rendimiento alto, negativo
837,837,2:23:17.000 AM,+1,8,8,34,rendimiento alto,positivo
838,838,10:55:35.000 AM,-1,-1,5,84,rendimiento alto, negativo
839,839,10:58:55.000 PM,-1,8,10,68,errores repetidos, negativo
840,840,10:42:08.000 PM,-1,6,7,18,errores repetidos,positivo
841,841,9:31:08.000 PM,-1,3,1,97,tiempo de reaccion alto,positivo
842,842,2:08:58.000 PM,-1,9,9,66,tiempo de reaccion alto, negativo
843,843,7:46:24.000 AM,+1,5,1,86,rendimiento excepcional,positivo
844,844,5:47:53.000 AM,-1,3,10,10,rendimiento excepcional, negativo
845,845,4:08:59.000 AM,+1,7,6,45,rendimiento alto,positivo
846,846,2:21:51.000 PM,-1,3,10,16,errores repetidos, negativo
847,847,6:10:42.000 AM,-1,4,6,86,rendimiento alto,positivo
848,848,6:53:54.000 PM,+1,7,5,79,rendimiento estable, negativo
849,849,4:38:31.000 AM,+1,-2,8,42,errores repetidos, negativo
850,850,9:15:01.000 AM,-1,6,6,3,rendimiento excepcional,positivo
851,851,9:44:23.000 AM,-1,1,6,44,rendimiento excepcional,positivo
852,852,10:06:49.000 AM,+1,3,4,56,errores repetidos, negativo
853,853,2:33:48.000 AM,-1,3,8,9,rendimiento estable, negativo
854,854,11:00:41.000 PM,-1,6,1,26,rendimiento alto, negativo
855,855,8:00:30.000 PM,-1,0,9,0,rendimiento estable, negativo
856,856,12:41:39.000 PM,+1,4,10,96,tiempo de reaccion alto,positivo
857,857,1:10:09.000 AM,-1,3,5,33,rendimiento alto,positivo
858,858,4:59:27.000 PM,-1,5,10,49,rendimiento alto, negativo
859,859,4:22:14.000 PM,-1,3,5,37,rendimiento estable, negativo
860,860,7:15:16.000 AM,+1,2,7,92,rendimiento estable,positivo
861,861,10:26:22.000 AM,-1,3,2,97,errores repetidos, negativo
862,862,11:15:14.000 AM,+1,1,3,47,tiempo de reaccion alto,positivo
863,863,4:28:37.000 AM,-1,-1,3,52,tiempo de reaccion alto,positivo
864,864,11:18:00.000 AM,-1,-1,8,86,rendimiento excepcional,positivo
865,865,10:47:55.000 PM,-1,4,5,82,errores repetidos, negativo
866,866,10:54:57.000 PM,-1,4,4,53,errores repetidos, negativo
867,867,6:04:53.000 AM,-1,3,10,14,tiempo de reaccion alto,positivo
868,868,7:30:48.000 PM,+1,6,7,66,rendimiento estable, negativo
869,869,10:48:07.000 PM,+1,6,6,43,rendimiento alto,positivo
870,870,6:46:07.000 PM,+1,6,9,76,errores repetidos,positivo
871,871,9:28:48.000 AM,+1,2,3,46,rendimiento alto,positivo
872,872,8:14:15.000 AM,-1,9,2,46,rendimiento excepcional, negativo
873,873,7:37:01.000 AM,+1,2,3,20,rendimiento excepcional, negativo
874,874,10:25:34.000 PM,-1,6,1,4,rendimiento alto,positivo
875,875,2:36:25.000 AM,+1,1,10,24,rendimiento estable, negativo
876,876,2:16:27.000 PM,+1,3,8,38,rendimiento excepcional,positivo
877,877,5:17:37.000 PM,+1,0,1,23,errores repetidos,positivo
878,878,3:04:10.000 PM,+1,4,7,35,tiempo de reaccion alto,positivo
879,879,10:19:09.000 AM,+1,4,2,10,rendimiento estable,positivo
880,880,10:22:21.000 AM,-1,2,9,64,rendimiento estable,positivo
881,881,9:02:33.000 AM,-1,5,2,21,errores repetidos,positivo
882,882,2:20:27.000 AM,+1,9,2,86,errores repetidos,positivo
883,883,2:33:57.000 PM,-1,7,5,73,rendimiento alto,positivo
884,884,12:04:27.000 PM,+1,-1,8,69,rendimiento estable,positivo
885,885,7:22:17.000 AM,+1,5,3,44,rendimiento alto,positivo
886,886,12:15:58.000 AM,+1,5,7,92,tiempo de reaccion alto,positivo
887,887,10:08:38.000 PM,-1,3,3,26,errores repetidos,positivo
888,888,5:42:09.000 PM,+1,8,8,54,errores repetidos, negativo
889,889,5:07:34.000 PM,-1,3,4,19,rendimiento alto, negativo
890,890,2:09:19.000 PM,+1,4,6,84,errores repetidos,positivo
891,891,5:18:06.000 AM,+1,3,4,54,tiempo de reaccion alto,positivo
892,892,9:38:10.000 AM,+1,1,10,89,rendimiento estable,positivo
893,893,3:26:42.000 AM,-1,4,5,54,tiempo de reaccion alto, negativo
894,894,11:49:18.000 PM,-1,5,3,10,tiempo de reaccion alto,positivo
895,895,10:43:41.000 AM,+1,6,3,22,errores repetidos,positivo
896,896,6:13:52.000 AM,-1,2,5,38,rendimiento estable, negativo
897,897,4:46:30.000 PM,+1,4,3,18,rendimiento alto,positivo
898,898,2:26:41.000 AM,-1,5,3,6,rendimiento alto, negativo
899,899,4:37:29.000 AM,-1,3,6,1,errores repetidos, negativo
900,900,2:12:55.000 PM,-1,7,9,12,tiempo de reaccion alto, negativo
901,901,2:29:22.000 PM,+1,0,3,17,rendimiento estable,positivo
902,902,6:56:18.000 AM,+1,-1,10,87,rendimiento excepcional,positivo
903,903,10:04:54.000 PM,+1,0,8,39,rendimiento alto,positivo
904,904,9:47:20.000 PM,-1,5,3,70,rendimiento estable, negativo
905,905,12:41:43.000 PM,+1,1,9,50,rendimiento estable, negativo
906,906,5:23:28.000 PM,-1,6,2,24,errores repetidos, negativo
907,907,1:40:00.000 PM,+1,-2,9,54,rendimiento estable, negativo
908,908,5:47:48.000 PM,+1,8,7,67,errores repetidos, negativo
909,909,11:18:22.000 PM,+1,2,5,36,errores repetidos,positivo
910,910,4:47:09.000 PM,-1,5,3,61,rendimiento excepcional, negativo
911,911,6:38:09.000 PM,-1,6,7,83,rendimiento alto,positivo
912,912,9:13:53.000 AM,+1,10,2,56,rendimiento alto,positivo
913,913,6:19:33.000 AM,+1,4,8,86,rendimiento alto, negativo
914,914,10:11:57.000 AM,+1,5,10,86,rendimiento alto,positivo
915,915,6:45:22.000 AM,-1,4,9,78,rendimiento excepcional,positivo
916,916,6:09:38.000 AM,+1,4,1,24,errores repetidos,positivo
917,917,1:58:11.000 PM,+1,3,2,7,rendimiento excepcional,positivo
918,918,7:41:56.000 AM,+1,5,10,88,rendimiento excepcional, negativo
919,919,2:35:42.000 PM,-1,6,6,84,rendimiento estable, negativo
920,920,10:11:19.000 PM,-1,2,5,11,rendimiento estable, negativo
921,921,8:51:14.000 PM,+1,3,3,66,rendimiento alto,positivo
922,922,2:35:01.000 PM,+1,9,10,86,rendimiento excepcional, negativo
923,923,1:08:37.000 PM,-1,3,6,11,rendimiento excepcional,positivo
924,924,9:29:06.000 AM,+1,8,7,41,tiempo de reaccion alto,positivo
925,925,11:24:42.000 PM,-1,4,7,96,rendimiento estable,positivo
926,926,3:23:35.000 PM,+1,4,8,4,rendimiento excepcional, negativo
927,927,5:04:10.000 PM,+1,9,8,20,errores repetidos,positivo
928,928,5:18:50.000 AM,+1,2,4,35,rendimiento alto, negativo
929,929,1:35:21.000 PM,-1,0,6,69,errores repetidos,positivo
930,930,3:18:33.000 PM,-1,8,1,52,rendimiento excepcional,positivo
931,931,11:02:47.000 AM,-1,3,9,25,tiempo de reaccion alto, negativo
932,932,11:55:53.000 AM,-1,0,5,5,rendimiento estable,positivo
933,933,4:51:19.000 AM,-1,11,4,43,rendimiento estable, negativo
934,934,8:25:27.000 AM,-1,-2,8,97,rendimiento estable, negativo
935,935,10:57:10.000 AM,-1,3,7,17,errores repetidos,positivo
936,936,12:17:09.000 PM,+1,5,3,4,rendimiento excepcional,positivo
937,937,10:56:17.000 PM,+1,2,10,20,tiempo de reaccion alto,positivo
938,938,8:44:23.000 AM,-1,1,6,71,rendimiento excepcional, negativo
939,939,5:52:57.000 PM,+1,1,4,85,errores repetidos,positivo
940,940,7:03:36.000 AM,+1,6,9,7,errores repetidos, negativo
941,941,10:54:10.000 AM,+1,3,7,65,rendimiento alto,positivo
942,942,3:18:22.000 AM,+1,6,5,52,tiempo de reaccion alto,positivo
943,943,2:20:10.000 PM,+1,5,8,81,rendimiento excepcional,positivo
944,944,7:42:32.000 AM,-1,4,5,30,tiempo de reaccion alto, negativo
945,945,12:37:05.000 AM,+1,3,2,78,rendimiento excepcional, negativo
946,946,3:17:25.000 AM,+1,0,8,82,rendimiento alto, negativo
947,947,4:42:14.000 PM,+1,8,4,73,rendimiento excepcional, negativo
948,948,5:57:47.000 AM,-1,7,4,0,rendimiento excepcional, negativo
949,949,9:39:07.000 PM,+1,0,9,49,rendimiento alto,positivo
950,950,4:28:53.000 PM,-1,4,6,7,rendimiento excepcional,positivo
951,951,2:27:45.000 PM,-1,7,2,12,errores repetidos,positivo
952,952,11:38:10.000 PM,-1,2,7,54,rendimiento excepcional, negativo
953,953,5:14:14.000 PM,-1,9,4,63,tiempo de reaccion alto,positivo
954,954,5:12:44.000 AM,-1,2,10,17,errores repetidos,positivo
955,955,1:15:36.000 AM,-1,3,5,51,rendimiento excepcional,positivo
956,956,11:34:13.000 PM,-1,2,9,5,tiempo de reaccion alto, negativo
957,957,5:46:36.000 AM,+1,5,4,97,tiempo de reaccion alto,positivo
958,958,11:27:07.000 AM,+1,6,3,2,rendimiento excepcional,positivo
959,959,2:11:42.000 PM,-1,6,8,19,rendimiento alto, negativo
960,960,12:59:57.000 PM,-1,1,3,34,rendimiento estable, negativo
961,961,9:38:01.000 PM,-1,7,1,72,rendimiento estable,positivo
962,962,7:21:00.000 AM,+1,7,2,54,errores repetidos, negativo
963,963,10:22:44.000 AM,-1,5,7,99,rendimiento estable, negativo
964,964,4:32:34.000 PM,+1,1,3,99,errores repetidos,positivo
965,965,9:35:11.000 PM,-1,-1,1,54,tiempo de reaccion alto, negativo
966,966,10:56:20.000 PM,-1,3,7,80,errores repetidos, negativo
967,967,2:25:42.000 AM,+1,3,10,71,rendimiento excepcional,positivo
968,968,3:06:51.000 AM,-1,5,1,59,rendimiento alto,positivo
969,969,8:51:59.000 PM,-1,4,10,33,rendimiento excepcional, negativo
970,970,2:34:41.000 AM,+1,1,6,84,rendimiento estable, negativo
971,971,10:40:52.000 PM,-1,8,1,5,rendimiento estable, negativo
972,972,7:19:49.000 PM,-1,8,5,77,rendimiento excepcional, negativo
973,973,10:18:49.000 AM,-1,5,5,48,errores repetidos, negativo
974,974,10:58:42.000 PM,-1,5,5,45,rendimiento alto, negativo
975,975,5:00:52.000 PM,+1,2,9,65,rendimiento excepcional,positivo
976,976,7:26:32.000 AM,-1,6,6,51,errores repetidos,positivo
977,977,12:16:00.000 PM,-1,3,3,61,errores repetidos,positivo
978,978,2:05:31.000 PM,-1,3,4,84,rendimiento estable, negativo
979,979,9:11:53.000 AM,+1,-1,6,88,rendimiento alto,positivo
980,980,2:14:21.000 AM,-1,-1,2,46,rendimiento excepcional, negativo
981,981,11:55:56.000 PM,-1,13,10,12,errores repetidos, negativo
982,982,10:16:37.000 AM,+1,5,4,60,rendimiento excepcional, negativo
983,983,6:13:33.000 AM,-1,3,3,81,rendimiento estable, negativo
984,984,3:10:22.000 AM,+1,4,9,96,rendimiento excepcional,positivo
985,985,7:03:36.000 PM,+1,4,2,16,tiempo de reaccion alto, negativo
986,986,11:26:21.000 PM,-1,-1,6,64,rendimiento excepcional,positivo
987,987,9:54:48.000 AM,+1,6,3,27,rendimiento alto,positivo
988,988,7:11:56.000 PM,+1,2,9,39,rendimiento estable, negativo
989,989,5:47:29.000 PM,+1,5,6,76,rendimiento excepcional,positivo
990,990,4:48:45.000 PM,+1,-1,3,70,errores repetidos, negativo
991,991,6:29:24.000 AM,+1,9,5,89,rendimiento alto, negativo
992,992,6:51:35.000 AM,+1,4,8,33,errores repetidos,positivo
993,993,5:31:39.000 AM,-1,4,7,21,rendimiento alto, negativo
994,994,9:47:59.000 AM,-1,3,5,20,rendimiento alto,positivo
995,995,12:31:54.000 AM,+1,1,2,74,errores repetidos, negativo
996,996,11:21:36.000 AM,-1,2,7,58,rendimiento estable, negativo
997,997,12:38:45.000 PM,+1,0,10,49,rendimiento alto, negativo
998,998,3:33:56.000 AM,+1,0,9,97,rendimiento excepcional,positivo
999,999,1:22:24.000 PM,-1,4,3,54,rendimiento excepcional,positivo
1000,1000,5:17:13.000 PM,+1,2,8,92,errores repetidos, negativo
